COUNT,MAX,MIN,MEDIAN,MEAN,STD
1214,282.0,1.0,4.0,8.752059308072488,18.313392759692515
